{
    "clock_period": 7.416000000000001e-09,
    "latency_best_cycles": 13771,
    "latency_best_seconds": 0.00010212573600000002,
    "latency_average_cycles": 13771,
    "latency_average_seconds": 0.00010212573600000002,
    "latency_worst_cycles": 13771,
    "latency_worst_seconds": 0.00010212573600000002,
    "resources_lut_used": 38178,
    "resources_ff_used": 25812,
    "resources_dsp_used": 310,
    "resources_bram_used": 28,
    "resources_uram_used": 0
}