{
    "clock_period": 7.357000000000001e-09,
    "latency_best_cycles": 131368,
    "latency_best_seconds": 0.0009664743760000002,
    "latency_average_cycles": 131368,
    "latency_average_seconds": 0.0009664743760000002,
    "latency_worst_cycles": 131368,
    "latency_worst_seconds": 0.0009664743760000002,
    "resources_lut_used": 6453,
    "resources_ff_used": 10643,
    "resources_dsp_used": 28,
    "resources_bram_used": 0,
    "resources_uram_used": 0
}