{
    "clock_period": 7.016000000000001e-09,
    "latency_best_cycles": 45606,
    "latency_best_seconds": 0.00031997169600000004,
    "latency_average_cycles": 45606,
    "latency_average_seconds": 0.00031997169600000004,
    "latency_worst_cycles": 45606,
    "latency_worst_seconds": 0.00031997169600000004,
    "resources_lut_used": 25419,
    "resources_ff_used": 35509,
    "resources_dsp_used": 128,
    "resources_bram_used": 504,
    "resources_uram_used": 0
}