{
    "clock_period": 7.016000000000001e-09,
    "latency_best_cycles": 28958,
    "latency_best_seconds": 0.00020316932800000002,
    "latency_average_cycles": 28958,
    "latency_average_seconds": 0.00020316932800000002,
    "latency_worst_cycles": 28958,
    "latency_worst_seconds": 0.00020316932800000002,
    "resources_lut_used": 16762,
    "resources_ff_used": 22619,
    "resources_dsp_used": 128,
    "resources_bram_used": 256,
    "resources_uram_used": 0
}