{
    "clock_period": 7.016000000000001e-09,
    "latency_best_cycles": 41495,
    "latency_best_seconds": 0.00029112892000000005,
    "latency_average_cycles": 41495,
    "latency_average_seconds": 0.00029112892000000005,
    "latency_worst_cycles": 41495,
    "latency_worst_seconds": 0.00029112892000000005,
    "resources_lut_used": 36159,
    "resources_ff_used": 49533,
    "resources_dsp_used": 160,
    "resources_bram_used": 728,
    "resources_uram_used": 0
}