{
    "clock_period": 7.016000000000001e-09,
    "latency_best_cycles": 2555,
    "latency_best_seconds": 1.7925880000000003e-05,
    "latency_average_cycles": 2555,
    "latency_average_seconds": 1.7925880000000003e-05,
    "latency_worst_cycles": 2555,
    "latency_worst_seconds": 1.7925880000000003e-05,
    "resources_lut_used": 69496,
    "resources_ff_used": 81979,
    "resources_dsp_used": 1024,
    "resources_bram_used": 135,
    "resources_uram_used": 0
}