{
    "clock_period": 7.331000000000001e-09,
    "latency_best_cycles": 6719,
    "latency_best_seconds": 4.925698900000001e-05,
    "latency_average_cycles": 6719,
    "latency_average_seconds": 4.925698900000001e-05,
    "latency_worst_cycles": 6719,
    "latency_worst_seconds": 4.925698900000001e-05,
    "resources_lut_used": 10871,
    "resources_ff_used": 17763,
    "resources_dsp_used": 10,
    "resources_bram_used": 14,
    "resources_uram_used": 0
}