{
    "clock_period": 6.965000000000001e-09,
    "latency_best_cycles": 294457,
    "latency_best_seconds": 0.0020508930050000002,
    "latency_average_cycles": 294457,
    "latency_average_seconds": 0.0020508930050000002,
    "latency_worst_cycles": 294457,
    "latency_worst_seconds": 0.0020508930050000002,
    "resources_lut_used": 40815,
    "resources_ff_used": 20252,
    "resources_dsp_used": 15,
    "resources_bram_used": 72,
    "resources_uram_used": 0
}